{"cameraMode":{"drawMode":0,"name":"Shaded","section":"Shading Mode"},"sceneLighting":true,"audioPlay":false,"sceneViewState":{"showFog":true,"showMaterialUpdate":false,"showSkybox":true,"showFlares":true,"showImageEffects":true,"showParticleSystems":true},"in2DMode":false,"pivot":{"x":59.980316162109378,"y":23.420001983642579,"z":20.000659942626954},"rotation":{"x":-0.000806944037321955,"y":0.9987097978591919,"z":-0.04797496274113655,"w":-0.01678566448390484},"size":0.596991777420044,"orthographic":true}