{"cameraMode":{"drawMode":0,"name":"Shaded","section":"Shading Mode"},"sceneLighting":true,"audioPlay":false,"sceneViewState":{"showFog":true,"showMaterialUpdate":false,"showSkybox":true,"showFlares":true,"showImageEffects":true,"showParticleSystems":true},"in2DMode":false,"pivot":{"x":29.73550796508789,"y":29.21767234802246,"z":39.50374221801758},"rotation":{"x":-0.08270528167486191,"y":-0.9107413291931152,"z":0.22317196428775788,"w":-0.33750471472740176},"size":17.18927574157715,"orthographic":false}