{"cameraMode":{"drawMode":0,"name":"Shaded","section":"Shading Mode"},"sceneLighting":true,"audioPlay":false,"sceneViewState":{"showFog":true,"showMaterialUpdate":false,"showSkybox":true,"showFlares":true,"showImageEffects":true,"showParticleSystems":true},"in2DMode":false,"pivot":{"x":539.0509033203125,"y":248.23431396484376,"z":-145.8756561279297},"rotation":{"x":0.019275570288300515,"y":-0.15090234577655793,"z":-0.0029417912010103466,"w":-0.9883591532707214},"size":400.940185546875,"orthographic":true}